dataset,count,mean,std,min,25%,50%,75%,max
malt,756.0,7490.679894179894,10241.524385612971,237.0,1113.75,2686.0,6790.75,38380.0
swe_smith,76002.0,9862.087958211627,6281.469044724917,459.0,5442.0,8143.0,12557.0,81827.0
trace,517.0,3946.5087040618955,1329.822122810252,1263.0,3001.0,3716.0,4646.0,9529.0
