dataset,count,mean,std,min,25%,50%,75%,max
malt,756.0,52.23412698412698,54.55459091678501,2.0,20.0,29.0,50.0,248.0
swe_smith,76002.0,62.35585905634062,37.277763197439626,7.0,35.0,51.0,79.0,303.0
trace,517.0,26.500967117988395,5.913663314017153,14.0,22.0,26.0,30.0,49.0
