dataset,n_trajectories,mean_n_turns,mean_first_turn_tokens,median_first_turn_tokens,mean_mean_tokens_per_turn,mean_max_tokens_per_turn,median_max_tokens_per_turn,p95_max_tokens_per_turn,p99_max_tokens_per_turn
malt,756,52.23412698412698,96.63492063492063,73.0,110.56740029066306,571.6838624338625,406.5,1454.25,1729.9500000000005
swe_smith,15000,62.29266666666667,331.17586666666665,602.0,164.24624206163145,1764.7439333333334,1627.0,3221.2999999999956,8123.0
trace,517,26.500967117988395,45.456479690522244,43.0,150.77180459459277,649.4390715667312,559.0,1307.7999999999997,1721.3199999999988
