dataset,binary_label,bash_calls,file_write_calls,test_calls
malt,0,16.037463976945244,9.40778097982709,16.838616714697405
malt,1,41.83870967741935,26.0,33.435483870967744
swe_smith,0,12.424533333333333,46.008266666666664,60.565533333333335
trace,0,9.590361445783133,17.55421686746988,36.2570281124498
trace,1,8.511194029850746,12.085820895522389,37.406716417910445
