dataset,binary_label,count,mean,std,min,25%,50%,75%,max
malt,0,694.0,49.96397694524496,52.79979474663349,2.0,20.0,29.0,44.0,248.0
malt,1,62.0,77.64516129032258,66.71006431657145,2.0,2.0,84.5,137.0,173.0
swe_smith,0,15000.0,62.29266666666667,37.363196866982584,9.0,35.0,51.0,79.0,303.0
trace,0,249.0,26.67871485943775,5.9325160538215895,14.0,22.0,26.0,31.0,43.0
trace,1,268.0,26.33582089552239,5.902381960425194,14.0,22.0,25.0,29.0,49.0
