dataset,binary_label,count,mean,std,min,25%,50%,75%,max
malt,0,694.0,6923.485590778098,9868.943373498292,237.0,1166.0,2632.5,4983.5,38380.0
malt,1,62.0,13839.59677419355,12128.542321101228,237.0,305.0,12092.0,25270.5,32804.0
swe_smith,0,15000.0,9804.132,6178.83679582055,909.0,5380.0,8142.0,12610.0,56844.0
trace,0,249.0,4149.586345381526,1468.1910891187285,1263.0,3084.0,3837.0,5080.0,9529.0
trace,1,268.0,3757.8283582089553,1158.1229261187211,1397.0,2918.75,3635.5,4355.5,8110.0
